<?xml version="1.0" encoding="utf-8"?>
<install version="1.5" type="plugin" group="user">
	<name>JConnect User Plugin</name>
	<author>Arunoda Susiripala</author>
	<creationDate>June 2009</creationDate>
	<copyright>Copyright (C) 2005 - 2009 Open Source Matters. All rights reserved.</copyright>
	<license>http://www.gnu.org/licenses/gpl-2.0.html GNU/GPL</license>
	<authorEmail>arunoda@mit2007.com</authorEmail>
	<authorUrl>www.kadirasays.co.cc</authorUrl>
	<version>1.0</version>
	<description>This is the user-overriding function which sends data to the ExApps</description>
	<files>
		<filename plugin="jconnect">jconnect.php</filename>
	</files>
	<params/>
</install>
