<?xml version="1.0" encoding="utf-8"?>
<install type="module" version="1.5.0">
    <name>JConnect Activity Module</name>
    <author>Arunoda Susiripala</author>
    <version>1.5.0</version>
    <description>The Acitivity Module For JConnect External Applications </description>
    <files>
        <filename>mod_jconnect_activity.xml</filename>
        <filename module="mod_jconnect_activity">mod_jconnect_activity.php</filename>
        <filename>index.html</filename>
        <filename>helper.php</filename>
        <filename>tmpl/default.php</filename>
        <filename>tmpl/index.html</filename>
    </files>
    <params>
    	<param name="appName" type="text" default="" label="AppName" description="Name of The External Application" />
    </params>
</install>

